<?xml version="1.0" encoding="UTF-8"?>
<project-private xmlns="http://www.netbeans.org/ns/project-private/1">
    <editor-bookmarks xmlns="http://www.netbeans.org/ns/editor-bookmarks/2" lastBookmarkId="0"/>
    <open-files xmlns="http://www.netbeans.org/ns/projectui-open-files/2">
        <group>
            <file>file:/C:/Users/raul.de1/OneDrive%20-%20Fundación%20Universitaria%20San%20Pablo%20CEU/Documentos/NetBeansProjects/ProductosMVC-Raul/src/Modelo/Conexion.java</file>
            <file>file:/C:/Users/raul.de1/OneDrive%20-%20Fundación%20Universitaria%20San%20Pablo%20CEU/Documentos/NetBeansProjects/ProductosMVC-Raul/src/Modelo/Producto.java</file>
            <file>file:/C:/Users/raul.de1/OneDrive%20-%20Fundación%20Universitaria%20San%20Pablo%20CEU/Documentos/NetBeansProjects/ProductosMVC-Raul/src/Controlador/ProductoMVC.java</file>
            <file>file:/C:/Users/raul.de1/OneDrive%20-%20Fundación%20Universitaria%20San%20Pablo%20CEU/Documentos/NetBeansProjects/ProductosMVC-Raul/src/Vista/ProductosVista.java</file>
            <file>file:/C:/Users/raul.de1/OneDrive%20-%20Fundación%20Universitaria%20San%20Pablo%20CEU/Documentos/NetBeansProjects/ProductosMVC-Raul/src/Modelo/ProductoDAO.java</file>
            <file>file:/C:/Users/raul.de1/OneDrive%20-%20Fundación%20Universitaria%20San%20Pablo%20CEU/Documentos/NetBeansProjects/ProductosMVC-Raul/src/productosmvc/raul/ProductosMVCRaul.java</file>
        </group>
    </open-files>
</project-private>
